time,open,high,low,close,volume
2024-01-01 00:00:00,1.100000984122686,1.100500984122686,1.0995009841226862,1.100000984122686,100
2024-01-01 01:00:00,1.1002399805526928,1.1007399805526927,1.0997399805526928,1.1002399805526928,100
2024-01-01 02:00:00,1.100020670268403,1.100520670268403,1.099520670268403,1.100020670268403,100
2024-01-01 03:00:00,1.0993081967973972,1.0998081967973972,1.0988081967973973,1.0993081967973972,100
2024-01-01 04:00:00,1.09894446016926,1.09944446016926,1.09844446016926,1.09894446016926,100
2024-01-01 05:00:00,1.0981511429252626,1.0986511429252626,1.0976511429252627,1.0981511429252626,100
2024-01-01 06:00:00,1.0981992578073407,1.0986992578073407,1.0976992578073408,1.0981992578073407,100
2024-01-01 07:00:00,1.0992714300037842,1.0997714300037842,1.0987714300037843,1.0992714300037842,100
2024-01-01 08:00:00,1.0988776647889433,1.0993776647889433,1.0983776647889434,1.0988776647889433,100
2024-01-01 09:00:00,1.0983812848690873,1.0988812848690872,1.0978812848690873,1.0983812848690873,100
2024-01-01 10:00:00,1.0987731585092355,1.0992731585092355,1.0982731585092356,1.0987731585092355,100
2024-01-01 11:00:00,1.0990586681157635,1.0995586681157634,1.0985586681157635,1.0990586681157635,100
2024-01-01 12:00:00,1.0991429995149617,1.0996429995149617,1.0986429995149618,1.0991429995149617,100
2024-01-01 13:00:00,1.0983986250791953,1.0988986250791952,1.0978986250791953,1.0983986250791953,100
2024-01-01 14:00:00,1.0983752236212245,1.0988752236212245,1.0978752236212246,1.0983752236212245,100
2024-01-01 15:00:00,1.0989314661767913,1.0994314661767912,1.0984314661767913,1.0989314661767913,100
2024-01-01 16:00:00,1.0978560945389633,1.0983560945389632,1.0973560945389633,1.0978560945389633,100
2024-01-01 17:00:00,1.097490001930131,1.097990001930131,1.096990001930131,1.097490001930131,100
2024-01-01 18:00:00,1.0959690237382904,1.0964690237382904,1.0954690237382905,1.0959690237382904,100
2024-01-01 19:00:00,1.0949373935464624,1.0954373935464623,1.0944373935464624,1.0949373935464624,100
2024-01-01 20:00:00,1.093464005516229,1.093964005516229,1.092964005516229,1.093464005516229,100
2024-01-01 21:00:00,1.0932759326113692,1.0937759326113692,1.0927759326113693,1.0932759326113692,100
2024-01-01 22:00:00,1.0922619754262142,1.0927619754262141,1.0917619754262142,1.0922619754262142,100
2024-01-01 23:00:00,1.0924789869132716,1.0929789869132716,1.0919789869132717,1.0924789869132716,100
2024-01-02 00:00:00,1.092604387782571,1.093104387782571,1.0921043877825711,1.092604387782571,100
2024-01-02 01:00:00,1.092454843026867,1.092954843026867,1.091954843026867,1.092454843026867,100
2024-01-02 02:00:00,1.0904414352582106,1.0909414352582105,1.0899414352582106,1.0904414352582106,100
2024-01-02 03:00:00,1.0900104809415334,1.0905104809415334,1.0895104809415335,1.0900104809415334,100
2024-01-02 04:00:00,1.0899716801852124,1.0904716801852123,1.0894716801852125,1.0899716801852124,100
2024-01-02 05:00:00,1.090062327374015,1.090562327374015,1.0895623273740151,1.090062327374015,100
2024-01-02 06:00:00,1.0888382187616108,1.0893382187616107,1.0883382187616109,1.0888382187616108,100
2024-01-02 07:00:00,1.0884560161407837,1.0889560161407836,1.0879560161407837,1.0884560161407837,100
2024-01-02 08:00:00,1.0876732008783383,1.0881732008783382,1.0871732008783384,1.0876732008783383,100
2024-01-02 09:00:00,1.087026131086798,1.0875261310867979,1.086526131086798,1.087026131086798,100
2024-01-02 10:00:00,1.0878748499855067,1.0883748499855066,1.0873748499855067,1.0878748499855067,100
2024-01-02 11:00:00,1.087228822245241,1.087728822245241,1.0867288222452411,1.087228822245241,100
2024-01-02 12:00:00,1.0872028048812847,1.0877028048812847,1.0867028048812848,1.0872028048812847,100
2024-01-02 13:00:00,1.0879103167751913,1.0884103167751913,1.0874103167751914,1.0879103167751913,100
2024-01-02 14:00:00,1.0874434364289967,1.0879434364289966,1.0869434364289967,1.0874434364289967,100
2024-01-02 15:00:00,1.0873540748693293,1.0878540748693293,1.0868540748693294,1.0873540748693293,100
2024-01-02 16:00:00,1.087442446183929,1.0879424461839289,1.086942446183929,1.087442446183929,100
2024-01-02 17:00:00,1.0874934716033329,1.0879934716033328,1.086993471603333,1.0874934716033329,100
2024-01-02 18:00:00,1.0865134269421988,1.0870134269421987,1.0860134269421988,1.0865134269421988,100
2024-01-02 19:00:00,1.0865743391265004,1.0870743391265003,1.0860743391265004,1.0865743391265004,100
2024-01-02 20:00:00,1.0876613978638936,1.0881613978638935,1.0871613978638937,1.0876613978638936,100
2024-01-02 21:00:00,1.0864236821213908,1.0869236821213908,1.085923682121391,1.0864236821213908,100
2024-01-02 22:00:00,1.087111188271808,1.087611188271808,1.0866111882718081,1.087111188271808,100
2024-01-02 23:00:00,1.0872066714923654,1.0877066714923653,1.0867066714923654,1.0872066714923654,100
2024-01-03 00:00:00,1.0866934951770797,1.0871934951770796,1.0861934951770797,1.0866934951770797,100
2024-01-03 01:00:00,1.0882938284141537,1.0887938284141536,1.0877938284141537,1.0882938284141537,100
2024-01-03 02:00:00,1.0889036361838214,1.0894036361838213,1.0884036361838214,1.0889036361838214,100
2024-01-03 03:00:00,1.087944205062137,1.088444205062137,1.0874442050621371,1.087944205062137,100
2024-01-03 04:00:00,1.0880038180451543,1.0885038180451543,1.0875038180451544,1.0880038180451543,100
2024-01-03 05:00:00,1.0884651697120904,1.0889651697120903,1.0879651697120905,1.0884651697120904,100
2024-01-03 06:00:00,1.0883141440118098,1.0888141440118098,1.0878141440118099,1.0883141440118098,100
2024-01-03 07:00:00,1.0888604722255661,1.089360472225566,1.0883604722255662,1.0888604722255661,100
2024-01-03 08:00:00,1.0888072583694466,1.0893072583694465,1.0883072583694466,1.0888072583694466,100
2024-01-03 09:00:00,1.089341056418114,1.089841056418114,1.0888410564181141,1.089341056418114,100
2024-01-03 10:00:00,1.090491874491439,1.0909918744914389,1.089991874491439,1.090491874491439,100
2024-01-03 11:00:00,1.0899513446906344,1.0904513446906343,1.0894513446906344,1.0899513446906344,100
2024-01-03 12:00:00,1.090113855578946,1.090613855578946,1.089613855578946,1.090113855578946,100
2024-01-03 13:00:00,1.0897432095177153,1.0902432095177153,1.0892432095177154,1.0897432095177153,100
2024-01-03 14:00:00,1.089845024246696,1.0903450242466959,1.089345024246696,1.089845024246696,100
2024-01-03 15:00:00,1.088895268624416,1.089395268624416,1.088395268624416,1.088895268624416,100
2024-01-03 16:00:00,1.0884318273472138,1.0889318273472137,1.0879318273472138,1.0884318273472138,100
2024-01-03 17:00:00,1.0882748705689702,1.0887748705689702,1.0877748705689703,1.0882748705689702,100
2024-01-03 18:00:00,1.0889938816666505,1.0894938816666504,1.0884938816666505,1.0889938816666505,100
2024-01-03 19:00:00,1.0899100592726139,1.0904100592726138,1.089410059272614,1.0899100592726139,100
2024-01-03 20:00:00,1.0888512370386263,1.0893512370386262,1.0883512370386264,1.0888512370386263,100
2024-01-03 21:00:00,1.0882155231458368,1.0887155231458367,1.0877155231458369,1.0882155231458368,100
2024-01-03 22:00:00,1.0887330458838955,1.0892330458838955,1.0882330458838956,1.0887330458838955,100
2024-01-03 23:00:00,1.087139110056556,1.087639110056556,1.086639110056556,1.087139110056556,100
2024-01-04 00:00:00,1.086768574164594,1.087268574164594,1.086268574164594,1.086768574164594,100
2024-01-04 01:00:00,1.086690744624058,1.0871907446240578,1.086190744624058,1.086690744624058,100
2024-01-04 02:00:00,1.0876963566058875,1.0881963566058874,1.0871963566058875,1.0876963566058875,100
2024-01-04 03:00:00,1.088247879726344,1.088747879726344,1.087747879726344,1.088247879726344,100
2024-01-04 04:00:00,1.0879861089901661,1.088486108990166,1.0874861089901662,1.0879861089901661,100
2024-01-04 05:00:00,1.0876912482748862,1.0881912482748861,1.0871912482748862,1.0876912482748862,100
2024-01-04 06:00:00,1.087491091954472,1.087991091954472,1.086991091954472,1.087491091954472,100
2024-01-04 07:00:00,1.0887099154748368,1.0892099154748367,1.0882099154748368,1.0887099154748368,100
2024-01-04 08:00:00,1.0883674955207785,1.0888674955207784,1.0878674955207785,1.0883674955207785,100
2024-01-04 09:00:00,1.0881245512100868,1.0886245512100867,1.0876245512100868,1.0881245512100868,100
2024-01-04 10:00:00,1.088406622463915,1.088906622463915,1.0879066224639151,1.088406622463915,100
2024-01-04 11:00:00,1.088310006107846,1.0888100061078458,1.087810006107846,1.088310006107846,100
2024-01-04 12:00:00,1.0881521787254733,1.0886521787254733,1.0876521787254734,1.0881521787254733,100
2024-01-04 13:00:00,1.0872609250109524,1.0877609250109523,1.0867609250109524,1.0872609250109524,100
2024-01-04 14:00:00,1.0872517078365216,1.0877517078365215,1.0867517078365216,1.0872517078365216,100
2024-01-04 15:00:00,1.086896842858142,1.087396842858142,1.086396842858142,1.086896842858142,100
2024-01-04 16:00:00,1.0878297450790941,1.088329745079094,1.0873297450790942,1.0878297450790941,100
2024-01-04 17:00:00,1.088352215881255,1.088852215881255,1.0878522158812551,1.088352215881255,100
2024-01-04 18:00:00,1.0883329009908471,1.088832900990847,1.0878329009908472,1.0883329009908471,100
2024-01-04 19:00:00,1.088867605809461,1.089367605809461,1.0883676058094611,1.088867605809461,100
2024-01-04 20:00:00,1.0885957101680905,1.0890957101680905,1.0880957101680906,1.0885957101680905,100
2024-01-04 21:00:00,1.0894374112548322,1.0899374112548321,1.0889374112548322,1.0894374112548322,100
2024-01-04 22:00:00,1.0894330916062949,1.0899330916062948,1.088933091606295,1.0894330916062949,100
2024-01-04 23:00:00,1.0898997974896392,1.090399797489639,1.0893997974896392,1.0898997974896392,100
2024-01-05 00:00:00,1.0888670828933804,1.0893670828933804,1.0883670828933805,1.0888670828933804,100
2024-01-05 01:00:00,1.089144426932483,1.089644426932483,1.088644426932483,1.089144426932483,100
2024-01-05 02:00:00,1.0877938636385898,1.0882938636385897,1.0872938636385898,1.0877938636385898,100
2024-01-05 03:00:00,1.0861656004826379,1.0866656004826378,1.085665600482638,1.0861656004826379,100
2024-01-05 04:00:00,1.0859220189804688,1.0864220189804688,1.0854220189804689,1.0859220189804688,100
2024-01-05 05:00:00,1.08520207689439,1.08570207689439,1.08470207689439,1.08520207689439,100
2024-01-05 06:00:00,1.0853333191309595,1.0858333191309595,1.0848333191309596,1.0853333191309595,100
2024-01-05 07:00:00,1.0871291244321486,1.0876291244321485,1.0866291244321487,1.0871291244321486,100
2024-01-05 08:00:00,1.0864637458870188,1.0869637458870187,1.0859637458870188,1.0864637458870188,100
2024-01-05 09:00:00,1.0859645910178637,1.0864645910178636,1.0854645910178637,1.0859645910178637,100
2024-01-05 10:00:00,1.0861289141747155,1.0866289141747154,1.0856289141747155,1.0861289141747155,100
2024-01-05 11:00:00,1.0865233248078454,1.0870233248078454,1.0860233248078455,1.0865233248078454,100
2024-01-05 12:00:00,1.0863821999551206,1.0868821999551206,1.0858821999551207,1.0863821999551206,100
2024-01-05 13:00:00,1.086217455690918,1.086717455690918,1.0857174556909182,1.086217455690918,100
2024-01-05 14:00:00,1.0867794260550145,1.0872794260550145,1.0862794260550146,1.0867794260550145,100
2024-01-05 15:00:00,1.0871953521646418,1.0876953521646417,1.0866953521646419,1.0871953521646418,100
2024-01-05 16:00:00,1.0863684114989827,1.0868684114989826,1.0858684114989827,1.0863684114989827,100
2024-01-05 17:00:00,1.08630506644409,1.08680506644409,1.0858050664440901,1.08630506644409,100
2024-01-05 18:00:00,1.0863332959230192,1.0868332959230191,1.0858332959230192,1.0863332959230192,100
2024-01-05 19:00:00,1.08548970822538,1.08598970822538,1.08498970822538,1.08548970822538,100
2024-01-05 20:00:00,1.0856975795059194,1.0861975795059193,1.0851975795059194,1.0856975795059194,100
2024-01-05 21:00:00,1.0850112143241781,1.085511214324178,1.0845112143241782,1.0850112143241781,100
2024-01-05 22:00:00,1.0857888676905119,1.0862888676905118,1.085288867690512,1.0857888676905119,100
2024-01-05 23:00:00,1.0859430644205958,1.0864430644205958,1.085443064420596,1.0859430644205958,100
2024-01-06 00:00:00,1.086014509609211,1.086514509609211,1.0855145096092111,1.086014509609211,100
2024-01-06 01:00:00,1.085541686926926,1.086041686926926,1.0850416869269262,1.085541686926926,100
2024-01-06 02:00:00,1.085446799067824,1.085946799067824,1.084946799067824,1.085446799067824,100
2024-01-06 03:00:00,1.0838486020334983,1.0843486020334983,1.0833486020334984,1.0838486020334983,100
2024-01-06 04:00:00,1.08294347605708,1.08344347605708,1.08244347605708,1.08294347605708,100
2024-01-06 05:00:00,1.083233747896431,1.0837337478964308,1.082733747896431,1.083233747896431,100
2024-01-06 06:00:00,1.081530894262973,1.082030894262973,1.0810308942629732,1.081530894262973,100
2024-01-06 07:00:00,1.082208181080158,1.082708181080158,1.081708181080158,1.082208181080158,100
2024-01-06 08:00:00,1.080811303899859,1.081311303899859,1.080311303899859,1.080811303899859,100
2024-01-06 09:00:00,1.0814166947019903,1.0819166947019903,1.0809166947019904,1.0814166947019903,100
2024-01-06 10:00:00,1.080740297075687,1.081240297075687,1.080240297075687,1.080740297075687,100
2024-01-06 11:00:00,1.081363489943161,1.081863489943161,1.080863489943161,1.081363489943161,100
2024-01-06 12:00:00,1.0814682509092288,1.0819682509092288,1.0809682509092289,1.0814682509092288,100
2024-01-06 13:00:00,1.0802387829569955,1.0807387829569954,1.0797387829569955,1.0802387829569955,100
2024-01-06 14:00:00,1.0812381019566424,1.0817381019566423,1.0807381019566424,1.0812381019566424,100
2024-01-06 15:00:00,1.0823914676810604,1.0828914676810604,1.0818914676810605,1.0823914676810604,100
2024-01-06 16:00:00,1.0823388237562603,1.0828388237562603,1.0818388237562604,1.0823388237562603,100
2024-01-06 17:00:00,1.0821196907385224,1.0826196907385224,1.0816196907385225,1.0821196907385224,100
2024-01-06 18:00:00,1.0819917971657458,1.0824917971657457,1.0814917971657458,1.0819917971657458,100
2024-01-06 19:00:00,1.081211675307523,1.0817116753075229,1.080711675307523,1.081211675307523,100
2024-01-06 20:00:00,1.0820905447153284,1.0825905447153283,1.0815905447153285,1.0820905447153284,100
2024-01-06 21:00:00,1.0816562311699442,1.0821562311699442,1.0811562311699443,1.0816562311699442,100
2024-01-06 22:00:00,1.081615278839791,1.082115278839791,1.081115278839791,1.081615278839791,100
2024-01-06 23:00:00,1.0809806417172285,1.0814806417172285,1.0804806417172286,1.0809806417172285,100
2024-01-07 00:00:00,1.0804797832374524,1.0809797832374524,1.0799797832374525,1.0804797832374524,100
2024-01-07 01:00:00,1.0794576031161314,1.0799576031161313,1.0789576031161314,1.0794576031161314,100
2024-01-07 02:00:00,1.080463258567103,1.080963258567103,1.079963258567103,1.080463258567103,100
2024-01-07 03:00:00,1.080339988508538,1.080839988508538,1.0798399885085381,1.080339988508538,100
2024-01-07 04:00:00,1.0811127258035211,1.081612725803521,1.0806127258035212,1.0811127258035211,100
2024-01-07 05:00:00,1.0811233854810518,1.0816233854810517,1.0806233854810519,1.0811233854810518,100
2024-01-07 06:00:00,1.0805678626588895,1.0810678626588894,1.0800678626588895,1.0805678626588895,100
2024-01-07 07:00:00,1.0803065144508877,1.0808065144508876,1.0798065144508877,1.0803065144508877,100
2024-01-07 08:00:00,1.0798583296104853,1.0803583296104853,1.0793583296104854,1.0798583296104853,100
2024-01-07 09:00:00,1.0798646968898333,1.0803646968898333,1.0793646968898334,1.0798646968898333,100
2024-01-07 10:00:00,1.0795644834180917,1.0800644834180917,1.0790644834180918,1.0795644834180917,100
2024-01-07 11:00:00,1.0793245460453382,1.0798245460453382,1.0788245460453383,1.0793245460453382,100
2024-01-07 12:00:00,1.0782216862980296,1.0787216862980296,1.0777216862980297,1.0782216862980296,100
2024-01-07 13:00:00,1.0775762095559327,1.0780762095559326,1.0770762095559328,1.0775762095559327,100
2024-01-07 14:00:00,1.078899455594973,1.0793994555949729,1.078399455594973,1.078899455594973,100
2024-01-07 15:00:00,1.0783624690219715,1.0788624690219715,1.0778624690219716,1.0783624690219715,100
2024-01-07 16:00:00,1.077519193991873,1.0780191939918728,1.077019193991873,1.077519193991873,100
2024-01-07 17:00:00,1.0777890550579328,1.0782890550579327,1.0772890550579328,1.0777890550579328,100
2024-01-07 18:00:00,1.0789148728175781,1.079414872817578,1.0784148728175782,1.0789148728175781,100
2024-01-07 19:00:00,1.077751653375593,1.078251653375593,1.0772516533755931,1.077751653375593,100
2024-01-07 20:00:00,1.0775848358969922,1.078084835896992,1.0770848358969922,1.0775848358969922,100
2024-01-07 21:00:00,1.0770791938538442,1.0775791938538442,1.0765791938538443,1.0770791938538442,100
2024-01-07 22:00:00,1.0756703782743822,1.0761703782743821,1.0751703782743822,1.0756703782743822,100
2024-01-07 23:00:00,1.076258319641789,1.076758319641789,1.075758319641789,1.076258319641789,100
2024-01-08 00:00:00,1.0762395645069451,1.076739564506945,1.0757395645069452,1.0762395645069451,100
2024-01-08 01:00:00,1.0762967179823792,1.0767967179823792,1.0757967179823793,1.0762967179823792,100
2024-01-08 02:00:00,1.0756948688044228,1.0761948688044227,1.0751948688044228,1.0756948688044228,100
2024-01-08 03:00:00,1.0760586961348202,1.0765586961348201,1.0755586961348202,1.0760586961348202,100
2024-01-08 04:00:00,1.0756272582552304,1.0761272582552304,1.0751272582552305,1.0756272582552304,100
2024-01-08 05:00:00,1.075512935688433,1.076012935688433,1.075012935688433,1.075512935688433,100
2024-01-08 06:00:00,1.0746263270546876,1.0751263270546876,1.0741263270546877,1.0746263270546876,100
2024-01-08 07:00:00,1.0736534448465211,1.074153444846521,1.0731534448465212,1.0736534448465211,100
2024-01-08 08:00:00,1.0747218703307613,1.0752218703307612,1.0742218703307613,1.0747218703307613,100
2024-01-08 09:00:00,1.0743161865671305,1.0748161865671304,1.0738161865671305,1.0743161865671305,100
2024-01-08 10:00:00,1.074549530852215,1.075049530852215,1.074049530852215,1.074549530852215,100
2024-01-08 11:00:00,1.074522498504401,1.075022498504401,1.0740224985044011,1.074522498504401,100
2024-01-08 12:00:00,1.0741695823421915,1.0746695823421915,1.0736695823421916,1.0741695823421915,100
2024-01-08 13:00:00,1.0737632135659216,1.0742632135659216,1.0732632135659217,1.0737632135659216,100
2024-01-08 14:00:00,1.0742672796390782,1.0747672796390781,1.0737672796390783,1.0742672796390782,100
2024-01-08 15:00:00,1.074025785555451,1.0745257855554509,1.073525785555451,1.074025785555451,100
2024-01-08 16:00:00,1.073904630636914,1.074404630636914,1.073404630636914,1.073904630636914,100
2024-01-08 17:00:00,1.0739224078826695,1.0744224078826694,1.0734224078826695,1.0739224078826695,100
2024-01-08 18:00:00,1.074863614538871,1.075363614538871,1.074363614538871,1.074863614538871,100
2024-01-08 19:00:00,1.0754080233185777,1.0759080233185776,1.0749080233185777,1.0754080233185777,100
2024-01-08 20:00:00,1.07571410353276,1.07621410353276,1.07521410353276,1.07571410353276,100
2024-01-08 21:00:00,1.0752632464180774,1.0757632464180773,1.0747632464180774,1.0752632464180774,100
2024-01-08 22:00:00,1.0741576714420722,1.0746576714420721,1.0736576714420722,1.0741576714420722,100
2024-01-08 23:00:00,1.0749172953874606,1.0754172953874606,1.0744172953874607,1.0749172953874606,100
2024-01-09 00:00:00,1.0756904530948372,1.0761904530948372,1.0751904530948373,1.0756904530948372,100
2024-01-09 01:00:00,1.0755778863755385,1.0760778863755385,1.0750778863755386,1.0755778863755385,100
2024-01-09 02:00:00,1.0760113934488214,1.0765113934488213,1.0755113934488214,1.0760113934488214,100
2024-01-09 03:00:00,1.0766365478919298,1.0771365478919297,1.0761365478919298,1.0766365478919298,100
2024-01-09 04:00:00,1.0773014954540616,1.0778014954540616,1.0768014954540617,1.0773014954540616,100
2024-01-09 05:00:00,1.078038602232659,1.0785386022326588,1.077538602232659,1.078038602232659,100
2024-01-09 06:00:00,1.07767410811213,1.0781741081121299,1.07717410811213,1.07767410811213,100
2024-01-09 07:00:00,1.0788860864982617,1.0793860864982616,1.0783860864982617,1.0788860864982617,100
2024-01-09 08:00:00,1.0778888120516332,1.0783888120516332,1.0773888120516333,1.0778888120516332,100
2024-01-09 09:00:00,1.0785781905132281,1.079078190513228,1.0780781905132282,1.0785781905132281,100
2024-01-09 10:00:00,1.0789733361764526,1.0794733361764526,1.0784733361764527,1.0789733361764526,100
2024-01-09 11:00:00,1.0796722314672722,1.0801722314672721,1.0791722314672723,1.0796722314672722,100
2024-01-09 12:00:00,1.0811754381129497,1.0816754381129496,1.0806754381129497,1.0811754381129497,100
2024-01-09 13:00:00,1.0823629944916526,1.0828629944916526,1.0818629944916527,1.0823629944916526,100
2024-01-09 14:00:00,1.0814468529659012,1.081946852965901,1.0809468529659012,1.0814468529659012,100
2024-01-09 15:00:00,1.080095915701687,1.080595915701687,1.079595915701687,1.080095915701687,100
2024-01-09 16:00:00,1.08074942694893,1.08124942694893,1.08024942694893,1.08074942694893,100
2024-01-09 17:00:00,1.079937417016229,1.080437417016229,1.079437417016229,1.079937417016229,100
2024-01-09 18:00:00,1.079927492705311,1.080427492705311,1.0794274927053111,1.079927492705311,100
2024-01-09 19:00:00,1.0805992746869153,1.0810992746869152,1.0800992746869154,1.0805992746869153,100
2024-01-09 20:00:00,1.0792842368059667,1.0797842368059667,1.0787842368059668,1.0792842368059667,100
2024-01-09 21:00:00,1.0775962524425193,1.0780962524425193,1.0770962524425194,1.0775962524425193,100
2024-01-09 22:00:00,1.077803691658789,1.078303691658789,1.077303691658789,1.077803691658789,100
2024-01-09 23:00:00,1.0778392003704798,1.0783392003704797,1.0773392003704798,1.0778392003704798,100
2024-01-10 00:00:00,1.0776425579133742,1.078142557913374,1.0771425579133742,1.0776425579133742,100
2024-01-10 01:00:00,1.0776733857243903,1.0781733857243903,1.0771733857243904,1.0776733857243903,100
2024-01-10 02:00:00,1.0769849732384964,1.0774849732384963,1.0764849732384965,1.0769849732384964,100
2024-01-10 03:00:00,1.0757741777126788,1.0762741777126787,1.0752741777126789,1.0757741777126788,100
2024-01-10 04:00:00,1.0756408538319746,1.0761408538319746,1.0751408538319747,1.0756408538319746,100
2024-01-10 05:00:00,1.074863486879135,1.0753634868791349,1.074363486879135,1.074863486879135,100
2024-01-10 06:00:00,1.0735487018212062,1.0740487018212062,1.0730487018212063,1.0735487018212062,100
2024-01-10 07:00:00,1.0739532466783208,1.0744532466783208,1.0734532466783209,1.0739532466783208,100
2024-01-10 08:00:00,1.073904127775583,1.074404127775583,1.073404127775583,1.073904127775583,100
2024-01-10 09:00:00,1.0742293506048892,1.0747293506048892,1.0737293506048893,1.0742293506048892,100
2024-01-10 10:00:00,1.0734379146517485,1.0739379146517485,1.0729379146517486,1.0734379146517485,100
2024-01-10 11:00:00,1.0729114676182792,1.073411467618279,1.0724114676182792,1.0729114676182792,100
2024-01-10 12:00:00,1.072112233196503,1.072612233196503,1.071612233196503,1.072112233196503,100
2024-01-10 13:00:00,1.0714029197028565,1.0719029197028564,1.0709029197028566,1.0714029197028565,100
2024-01-10 14:00:00,1.0715592460370562,1.0720592460370562,1.0710592460370563,1.0715592460370562,100
2024-01-10 15:00:00,1.070932866343988,1.071432866343988,1.0704328663439882,1.070932866343988,100
2024-01-10 16:00:00,1.0712177193750443,1.0717177193750442,1.0707177193750443,1.0712177193750443,100
2024-01-10 17:00:00,1.071489524115379,1.071989524115379,1.070989524115379,1.071489524115379,100
2024-01-10 18:00:00,1.0731096529048831,1.073609652904883,1.0726096529048832,1.0731096529048831,100
2024-01-10 19:00:00,1.0719954216681895,1.0724954216681895,1.0714954216681896,1.0719954216681895,100
2024-01-10 20:00:00,1.0727057435704577,1.0732057435704576,1.0722057435704577,1.0727057435704577,100
2024-01-10 21:00:00,1.072634153200947,1.0731341532009468,1.072134153200947,1.072634153200947,100
2024-01-10 22:00:00,1.0726229294168421,1.073122929416842,1.0721229294168422,1.0726229294168421,100
2024-01-10 23:00:00,1.0714630383593169,1.0719630383593168,1.070963038359317,1.0714630383593169,100
2024-01-11 00:00:00,1.0710948833091372,1.071594883309137,1.0705948833091372,1.0710948833091372,100
2024-01-11 01:00:00,1.0716894411198923,1.0721894411198922,1.0711894411198923,1.0716894411198923,100
2024-01-11 02:00:00,1.0716234584222784,1.0721234584222783,1.0711234584222784,1.0716234584222784,100
2024-01-11 03:00:00,1.0716883019186074,1.0721883019186074,1.0711883019186075,1.0716883019186074,100
2024-01-11 04:00:00,1.071455728574127,1.071955728574127,1.0709557285741271,1.071455728574127,100
2024-01-11 05:00:00,1.072379384371716,1.072879384371716,1.071879384371716,1.072379384371716,100
2024-01-11 06:00:00,1.0723622063180813,1.0728622063180813,1.0718622063180814,1.0723622063180813,100
2024-01-11 07:00:00,1.0706018737800955,1.0711018737800955,1.0701018737800956,1.0706018737800955,100
2024-01-11 08:00:00,1.070048215739716,1.070548215739716,1.069548215739716,1.070048215739716,100
2024-01-11 09:00:00,1.0684731784540518,1.0689731784540517,1.0679731784540518,1.0684731784540518,100
2024-01-11 10:00:00,1.0658720277216545,1.0663720277216544,1.0653720277216545,1.0658720277216545,100
2024-01-11 11:00:00,1.0654479354418367,1.0659479354418366,1.0649479354418367,1.0654479354418367,100
2024-01-11 12:00:00,1.0665147833219188,1.0670147833219188,1.066014783321919,1.0665147833219188,100
2024-01-11 13:00:00,1.0665524792468233,1.0670524792468232,1.0660524792468233,1.0665524792468233,100
2024-01-11 14:00:00,1.0656144426808993,1.0661144426808993,1.0651144426808994,1.0656144426808993,100
2024-01-11 15:00:00,1.0648618827863374,1.0653618827863374,1.0643618827863375,1.0648618827863374,100
2024-01-11 16:00:00,1.0657663733705374,1.0662663733705373,1.0652663733705374,1.0657663733705374,100
2024-01-11 17:00:00,1.0658924746692562,1.0663924746692561,1.0653924746692562,1.0658924746692562,100
2024-01-11 18:00:00,1.0659308740625058,1.0664308740625057,1.0654308740625058,1.0659308740625058,100
2024-01-11 19:00:00,1.0658881046314355,1.0663881046314354,1.0653881046314355,1.0658881046314355,100
2024-01-11 20:00:00,1.0659188248406797,1.0664188248406796,1.0654188248406797,1.0659188248406797,100
2024-01-11 21:00:00,1.0665631493582348,1.0670631493582348,1.0660631493582349,1.0665631493582348,100
2024-01-11 22:00:00,1.0670052031961197,1.0675052031961196,1.0665052031961197,1.0670052031961197,100
2024-01-11 23:00:00,1.067177766956139,1.067677766956139,1.0666777669561391,1.067177766956139,100
2024-01-12 00:00:00,1.066343472270067,1.066843472270067,1.0658434722700671,1.066343472270067,100
2024-01-12 01:00:00,1.066752359281995,1.067252359281995,1.066252359281995,1.066752359281995,100
2024-01-12 02:00:00,1.066204961619601,1.066704961619601,1.065704961619601,1.066204961619601,100
2024-01-12 03:00:00,1.0670800381603214,1.0675800381603213,1.0665800381603214,1.0670800381603214,100
2024-01-12 04:00:00,1.066063197502942,1.066563197502942,1.065563197502942,1.066063197502942,100
2024-01-12 05:00:00,1.0659531007219216,1.0664531007219216,1.0654531007219217,1.0659531007219216,100
2024-01-12 06:00:00,1.0659472140928885,1.0664472140928885,1.0654472140928886,1.0659472140928885,100
2024-01-12 07:00:00,1.0648874976523732,1.0653874976523732,1.0643874976523733,1.0648874976523732,100
2024-01-12 08:00:00,1.0662650749674585,1.0667650749674584,1.0657650749674585,1.0662650749674585,100
2024-01-12 09:00:00,1.067433400381266,1.067933400381266,1.066933400381266,1.067433400381266,100
2024-01-12 10:00:00,1.0670625333719788,1.0675625333719787,1.0665625333719788,1.0670625333719788,100
2024-01-12 11:00:00,1.0676799103044303,1.0681799103044303,1.0671799103044304,1.0676799103044303,100
2024-01-12 12:00:00,1.0679828511601666,1.0684828511601665,1.0674828511601666,1.0679828511601666,100
2024-01-12 13:00:00,1.0658920035894903,1.0663920035894903,1.0653920035894904,1.0658920035894903,100
2024-01-12 14:00:00,1.0660923220025125,1.0665923220025124,1.0655923220025125,1.0660923220025125,100
2024-01-12 15:00:00,1.0660432467386458,1.0665432467386458,1.0655432467386459,1.0660432467386458,100
2024-01-12 16:00:00,1.0661098206214255,1.0666098206214254,1.0656098206214255,1.0661098206214255,100
2024-01-12 17:00:00,1.0652483206855639,1.0657483206855638,1.064748320685564,1.0652483206855639,100
2024-01-12 18:00:00,1.0650328430485874,1.0655328430485873,1.0645328430485874,1.0650328430485874,100
2024-01-12 19:00:00,1.0648902360378816,1.0653902360378815,1.0643902360378816,1.0648902360378816,100
2024-01-12 20:00:00,1.0658407114116515,1.0663407114116514,1.0653407114116515,1.0658407114116515,100
2024-01-12 21:00:00,1.0661082530599642,1.066608253059964,1.0656082530599642,1.0661082530599642,100
2024-01-12 22:00:00,1.0661038090358022,1.066603809035802,1.0656038090358022,1.0661038090358022,100
2024-01-12 23:00:00,1.067326985034131,1.0678269850341309,1.066826985034131,1.067326985034131,100
2024-01-13 00:00:00,1.0668827866903199,1.0673827866903198,1.06638278669032,1.0668827866903199,100
2024-01-13 01:00:00,1.0665712424464195,1.0670712424464195,1.0660712424464196,1.0665712424464195,100
2024-01-13 02:00:00,1.0651178384373483,1.0656178384373483,1.0646178384373484,1.0651178384373483,100
2024-01-13 03:00:00,1.0663731231143754,1.0668731231143753,1.0658731231143754,1.0663731231143754,100
2024-01-13 04:00:00,1.0671445890089308,1.0676445890089308,1.0666445890089309,1.0671445890089308,100
2024-01-13 05:00:00,1.0678780674445403,1.0683780674445402,1.0673780674445403,1.0678780674445403,100
2024-01-13 06:00:00,1.0684131862016977,1.0689131862016976,1.0679131862016977,1.0684131862016977,100
2024-01-13 07:00:00,1.0685013050718286,1.0690013050718286,1.0680013050718287,1.0685013050718286,100
2024-01-13 08:00:00,1.0686736962231744,1.0691736962231744,1.0681736962231745,1.0686736962231744,100
2024-01-13 09:00:00,1.0684720909509606,1.0689720909509606,1.0679720909509607,1.0684720909509606,100
2024-01-13 10:00:00,1.0683092106103824,1.0688092106103824,1.0678092106103825,1.0683092106103824,100
2024-01-13 11:00:00,1.0683526534997534,1.0688526534997533,1.0678526534997534,1.0683526534997534,100
2024-01-13 12:00:00,1.0695621171090044,1.0700621171090043,1.0690621171090045,1.0695621171090044,100
2024-01-13 13:00:00,1.0700066674304507,1.0705066674304506,1.0695066674304508,1.0700066674304507,100
2024-01-13 14:00:00,1.0699598993298436,1.0704598993298435,1.0694598993298436,1.0699598993298436,100
2024-01-13 15:00:00,1.069496385689489,1.069996385689489,1.068996385689489,1.069496385689489,100
2024-01-13 16:00:00,1.0689883868995596,1.0694883868995595,1.0684883868995596,1.0689883868995596,100
2024-01-13 17:00:00,1.0702705509084975,1.0707705509084975,1.0697705509084976,1.0702705509084975,100
2024-01-13 18:00:00,1.0706759007518794,1.0711759007518793,1.0701759007518794,1.0706759007518794,100
2024-01-13 19:00:00,1.0707299411985278,1.0712299411985278,1.0702299411985279,1.0707299411985278,100
2024-01-13 20:00:00,1.0704529957248057,1.0709529957248056,1.0699529957248057,1.0704529957248057,100
2024-01-13 21:00:00,1.0695657529954452,1.0700657529954452,1.0690657529954453,1.0695657529954452,100
2024-01-13 22:00:00,1.0695122637494694,1.0700122637494693,1.0690122637494694,1.0695122637494694,100
2024-01-13 23:00:00,1.0702111901770455,1.0707111901770454,1.0697111901770455,1.0702111901770455,100
2024-01-14 00:00:00,1.0698971603795755,1.0703971603795754,1.0693971603795756,1.0698971603795755,100
2024-01-14 01:00:00,1.069715366313175,1.070215366313175,1.0692153663131752,1.069715366313175,100
2024-01-14 02:00:00,1.0695385388320238,1.0700385388320237,1.0690385388320238,1.0695385388320238,100
2024-01-14 03:00:00,1.0696262143264224,1.0701262143264223,1.0691262143264224,1.0696262143264224,100
2024-01-14 04:00:00,1.0683518056234258,1.0688518056234257,1.0678518056234259,1.0683518056234258,100
2024-01-14 05:00:00,1.068163486941854,1.0686634869418539,1.067663486941854,1.068163486941854,100
2024-01-14 06:00:00,1.0674799705273306,1.0679799705273305,1.0669799705273306,1.0674799705273306,100
2024-01-14 07:00:00,1.0681876385533806,1.0686876385533806,1.0676876385533807,1.0681876385533806,100
2024-01-14 08:00:00,1.0675711596121287,1.0680711596121286,1.0670711596121287,1.0675711596121287,100
2024-01-14 09:00:00,1.0680327970099692,1.0685327970099692,1.0675327970099693,1.0680327970099692,100
2024-01-14 10:00:00,1.0692523469721507,1.0697523469721506,1.0687523469721507,1.0692523469721507,100
2024-01-14 11:00:00,1.0690014699631254,1.0695014699631253,1.0685014699631254,1.0690014699631254,100
2024-01-14 12:00:00,1.0685202089614267,1.0690202089614267,1.0680202089614268,1.0685202089614267,100
2024-01-14 13:00:00,1.0686733547687275,1.0691733547687274,1.0681733547687275,1.0686733547687275,100
2024-01-14 14:00:00,1.0686717315466403,1.0691717315466402,1.0681717315466404,1.0686717315466403,100
2024-01-14 15:00:00,1.0678768384687685,1.0683768384687684,1.0673768384687685,1.0678768384687685,100
2024-01-14 16:00:00,1.0682455740013392,1.0687455740013392,1.0677455740013393,1.0682455740013392,100
2024-01-14 17:00:00,1.0698579868441196,1.0703579868441195,1.0693579868441196,1.0698579868441196,100
2024-01-14 18:00:00,1.069651497247907,1.070151497247907,1.069151497247907,1.069651497247907,100
2024-01-14 19:00:00,1.0694891962910553,1.0699891962910553,1.0689891962910554,1.0694891962910553,100
2024-01-14 20:00:00,1.0686532506722,1.0691532506722,1.0681532506722,1.0686532506722,100
2024-01-14 21:00:00,1.0689085214335492,1.0694085214335491,1.0684085214335493,1.0689085214335492,100
2024-01-14 22:00:00,1.0679109404537832,1.0684109404537832,1.0674109404537833,1.0679109404537832,100
2024-01-14 23:00:00,1.0670253956343019,1.0675253956343018,1.066525395634302,1.0670253956343019,100
2024-01-15 00:00:00,1.0680491294517769,1.0685491294517768,1.067549129451777,1.0680491294517769,100
2024-01-15 01:00:00,1.0673247670042612,1.067824767004261,1.0668247670042612,1.0673247670042612,100
2024-01-15 02:00:00,1.0681898530597262,1.0686898530597262,1.0676898530597263,1.0681898530597262,100
2024-01-15 03:00:00,1.0694093394627526,1.0699093394627526,1.0689093394627527,1.0694093394627526,100
2024-01-15 04:00:00,1.0696168006287339,1.0701168006287338,1.069116800628734,1.0696168006287339,100
2024-01-15 05:00:00,1.0700595137510147,1.0705595137510147,1.0695595137510148,1.0700595137510147,100
2024-01-15 06:00:00,1.071621314505964,1.072121314505964,1.0711213145059642,1.071621314505964,100
2024-01-15 07:00:00,1.0714639317843115,1.0719639317843115,1.0709639317843116,1.0714639317843115,100
2024-01-15 08:00:00,1.0709895271467582,1.0714895271467582,1.0704895271467583,1.0709895271467582,100
2024-01-15 09:00:00,1.0699069422949319,1.0704069422949318,1.069406942294932,1.0699069422949319,100
2024-01-15 10:00:00,1.069940307959209,1.0704403079592089,1.069440307959209,1.069940307959209,100
2024-01-15 11:00:00,1.0711236233279435,1.0716236233279435,1.0706236233279436,1.0711236233279435,100
2024-01-15 12:00:00,1.0718912996330643,1.0723912996330642,1.0713912996330643,1.0718912996330643,100
2024-01-15 13:00:00,1.07113762663993,1.07163762663993,1.07063762663993,1.07113762663993,100
2024-01-15 14:00:00,1.0704533263328637,1.0709533263328637,1.0699533263328638,1.0704533263328637,100
2024-01-15 15:00:00,1.070049989349391,1.070549989349391,1.0695499893493912,1.070049989349391,100
2024-01-15 16:00:00,1.0702838038153872,1.0707838038153872,1.0697838038153873,1.0702838038153872,100
2024-01-15 17:00:00,1.0701195546737043,1.0706195546737043,1.0696195546737044,1.0701195546737043,100
2024-01-15 18:00:00,1.070291117830059,1.0707911178300589,1.069791117830059,1.070291117830059,100
2024-01-15 19:00:00,1.0705285093324952,1.0710285093324952,1.0700285093324953,1.0705285093324952,100
2024-01-15 20:00:00,1.0702894904631524,1.0707894904631523,1.0697894904631524,1.0702894904631524,100
2024-01-15 21:00:00,1.07025735130987,1.07075735130987,1.0697573513098702,1.07025735130987,100
2024-01-15 22:00:00,1.0704226252116429,1.0709226252116428,1.069922625211643,1.0704226252116429,100
2024-01-15 23:00:00,1.0703554494488163,1.0708554494488163,1.0698554494488164,1.0703554494488163,100
2024-01-16 00:00:00,1.0707582661408115,1.0712582661408114,1.0702582661408115,1.0707582661408115,100
2024-01-16 01:00:00,1.072254966759474,1.072754966759474,1.0717549667594741,1.072254966759474,100
2024-01-16 02:00:00,1.0727285445872907,1.0732285445872907,1.0722285445872908,1.0727285445872907,100
2024-01-16 03:00:00,1.0727731930244175,1.0732731930244175,1.0722731930244176,1.0727731930244175,100
2024-01-16 04:00:00,1.071424298125728,1.071924298125728,1.070924298125728,1.071424298125728,100
2024-01-16 05:00:00,1.0717346637945402,1.0722346637945401,1.0712346637945402,1.0717346637945402,100
2024-01-16 06:00:00,1.0701773210651264,1.0706773210651264,1.0696773210651265,1.0701773210651264,100
2024-01-16 07:00:00,1.0690500937962015,1.0695500937962015,1.0685500937962016,1.0690500937962015,100
2024-01-16 08:00:00,1.0697338051981764,1.0702338051981763,1.0692338051981765,1.0697338051981764,100
2024-01-16 09:00:00,1.0702987932462857,1.0707987932462857,1.0697987932462858,1.0702987932462857,100
2024-01-16 10:00:00,1.0701788420476066,1.0706788420476065,1.0696788420476067,1.0701788420476066,100
2024-01-16 11:00:00,1.0688108331626849,1.0693108331626848,1.068310833162685,1.0688108331626849,100
2024-01-16 12:00:00,1.0685137543491723,1.0690137543491722,1.0680137543491723,1.0685137543491723,100
2024-01-16 13:00:00,1.0679707636945994,1.0684707636945994,1.0674707636945995,1.0679707636945994,100
2024-01-16 14:00:00,1.0684802362915036,1.0689802362915035,1.0679802362915036,1.0684802362915036,100
2024-01-16 15:00:00,1.0702864207174456,1.0707864207174456,1.0697864207174457,1.0702864207174456,100
2024-01-16 16:00:00,1.0704599651078093,1.0709599651078092,1.0699599651078093,1.0704599651078093,100
2024-01-16 17:00:00,1.0698365162053836,1.0703365162053835,1.0693365162053836,1.0698365162053836,100
2024-01-16 18:00:00,1.068900074981141,1.069400074981141,1.068400074981141,1.068900074981141,100
2024-01-16 19:00:00,1.0688551995565265,1.0693551995565265,1.0683551995565266,1.0688551995565265,100
2024-01-16 20:00:00,1.0687137650017156,1.0692137650017155,1.0682137650017156,1.0687137650017156,100
2024-01-16 21:00:00,1.0677925496740936,1.0682925496740936,1.0672925496740937,1.0677925496740936,100
2024-01-16 22:00:00,1.0678856338626475,1.0683856338626474,1.0673856338626475,1.0678856338626475,100
2024-01-16 23:00:00,1.0669649030455988,1.0674649030455987,1.0664649030455988,1.0669649030455988,100
2024-01-17 00:00:00,1.067854588862982,1.068354588862982,1.067354588862982,1.067854588862982,100
2024-01-17 01:00:00,1.0687047093476127,1.0692047093476127,1.0682047093476128,1.0687047093476127,100
2024-01-17 02:00:00,1.0695725103598497,1.0700725103598496,1.0690725103598497,1.0695725103598497,100
2024-01-17 03:00:00,1.069193269983363,1.069693269983363,1.0686932699833631,1.069193269983363,100
2024-01-17 04:00:00,1.0696048864340175,1.0701048864340175,1.0691048864340176,1.0696048864340175,100
2024-01-17 05:00:00,1.0694992308298419,1.0699992308298418,1.068999230829842,1.0694992308298419,100
2024-01-17 06:00:00,1.06918818118072,1.06968818118072,1.06868818118072,1.06918818118072,100
2024-01-17 07:00:00,1.0689168646550062,1.0694168646550062,1.0684168646550063,1.0689168646550062,100
2024-01-17 08:00:00,1.067877092436579,1.068377092436579,1.067377092436579,1.067877092436579,100
2024-01-17 09:00:00,1.0667220014798628,1.0672220014798628,1.066222001479863,1.0667220014798628,100
2024-01-17 10:00:00,1.0673574533125638,1.0678574533125638,1.0668574533125639,1.0673574533125638,100
2024-01-17 11:00:00,1.0672044649894281,1.067704464989428,1.0667044649894282,1.0672044649894281,100
2024-01-17 12:00:00,1.0673776048703303,1.0678776048703302,1.0668776048703303,1.0673776048703303,100
2024-01-17 13:00:00,1.0681789731810936,1.0686789731810935,1.0676789731810936,1.0681789731810936,100
2024-01-17 14:00:00,1.0667924671850806,1.0672924671850805,1.0662924671850806,1.0667924671850806,100
2024-01-17 15:00:00,1.0661651631260278,1.0666651631260278,1.0656651631260279,1.0661651631260278,100
2024-01-17 16:00:00,1.0663054310008,1.0668054310008,1.0658054310008,1.0663054310008,100
2024-01-17 17:00:00,1.0666191068301325,1.0671191068301324,1.0661191068301326,1.0666191068301325,100
2024-01-17 18:00:00,1.0663174472698116,1.0668174472698115,1.0658174472698116,1.0663174472698116,100
2024-01-17 19:00:00,1.0671407906559698,1.0676407906559697,1.0666407906559698,1.0671407906559698,100
2024-01-17 20:00:00,1.0673091066070335,1.0678091066070334,1.0668091066070335,1.0673091066070335,100
2024-01-17 21:00:00,1.0663384008959713,1.0668384008959713,1.0658384008959714,1.0663384008959713,100
2024-01-17 22:00:00,1.0655937898751788,1.0660937898751788,1.0650937898751789,1.0655937898751788,100
2024-01-17 23:00:00,1.0662381667235745,1.0667381667235745,1.0657381667235746,1.0662381667235745,100
2024-01-18 00:00:00,1.0666092318887392,1.0671092318887392,1.0661092318887393,1.0666092318887392,100
2024-01-18 01:00:00,1.065089982897534,1.065589982897534,1.064589982897534,1.065089982897534,100
2024-01-18 02:00:00,1.066168152740624,1.0666681527406239,1.065668152740624,1.066168152740624,100
2024-01-18 03:00:00,1.0666465743654991,1.067146574365499,1.0661465743654992,1.0666465743654991,100
2024-01-18 04:00:00,1.0677212487556562,1.0682212487556562,1.0672212487556563,1.0677212487556562,100
2024-01-18 05:00:00,1.0674142880507962,1.0679142880507961,1.0669142880507962,1.0674142880507962,100
2024-01-18 06:00:00,1.0671777230737303,1.0676777230737302,1.0666777230737303,1.0671777230737303,100
2024-01-18 07:00:00,1.0662765574059292,1.0667765574059291,1.0657765574059292,1.0662765574059292,100
2024-01-18 08:00:00,1.0683061010620347,1.0688061010620347,1.0678061010620348,1.0683061010620347,100
2024-01-18 09:00:00,1.068165737681709,1.068665737681709,1.0676657376817091,1.068165737681709,100
2024-01-18 10:00:00,1.0694357642353747,1.0699357642353746,1.0689357642353747,1.0694357642353747,100
2024-01-18 11:00:00,1.0689179302742648,1.0694179302742648,1.068417930274265,1.0689179302742648,100
2024-01-18 12:00:00,1.0690490032281312,1.0695490032281312,1.0685490032281313,1.0690490032281312,100
2024-01-18 13:00:00,1.0677119212388753,1.0682119212388752,1.0672119212388753,1.0677119212388753,100
2024-01-18 14:00:00,1.0674056275198618,1.0679056275198617,1.0669056275198618,1.0674056275198618,100
2024-01-18 15:00:00,1.0681926314465817,1.0686926314465817,1.0676926314465818,1.0681926314465817,100
2024-01-18 16:00:00,1.0671912363941223,1.0676912363941222,1.0666912363941223,1.0671912363941223,100
2024-01-18 17:00:00,1.06804901843007,1.0685490184300699,1.06754901843007,1.06804901843007,100
2024-01-18 18:00:00,1.0683188086827486,1.0688188086827486,1.0678188086827487,1.0683188086827486,100
2024-01-18 19:00:00,1.0674836479427612,1.0679836479427611,1.0669836479427612,1.0674836479427612,100
2024-01-18 20:00:00,1.0670823701256207,1.0675823701256206,1.0665823701256207,1.0670823701256207,100
2024-01-18 21:00:00,1.0667151175842564,1.0672151175842564,1.0662151175842565,1.0667151175842564,100
2024-01-18 22:00:00,1.0666755021139025,1.0671755021139024,1.0661755021139026,1.0666755021139025,100
2024-01-18 23:00:00,1.066246586941148,1.0667465869411479,1.065746586941148,1.066246586941148,100
2024-01-19 00:00:00,1.0655847566205043,1.0660847566205043,1.0650847566205044,1.0655847566205043,100
2024-01-19 01:00:00,1.0653410864584925,1.0658410864584924,1.0648410864584925,1.0653410864584925,100
2024-01-19 02:00:00,1.0645195746676053,1.0650195746676052,1.0640195746676053,1.0645195746676053,100
2024-01-19 03:00:00,1.0634879534094908,1.0639879534094907,1.0629879534094908,1.0634879534094908,100
2024-01-19 04:00:00,1.0634494122234848,1.0639494122234847,1.0629494122234848,1.0634494122234848,100
2024-01-19 05:00:00,1.0641557116039284,1.0646557116039284,1.0636557116039285,1.0641557116039284,100
2024-01-19 06:00:00,1.0629322142398345,1.0634322142398345,1.0624322142398346,1.0629322142398345,100
2024-01-19 07:00:00,1.0629350207610058,1.0634350207610057,1.0624350207610058,1.0629350207610058,100
2024-01-19 08:00:00,1.0624150558051648,1.0629150558051648,1.0619150558051649,1.0624150558051648,100
2024-01-19 09:00:00,1.061633339455457,1.0621333394554568,1.061133339455457,1.061633339455457,100
2024-01-19 10:00:00,1.0623160895776287,1.0628160895776286,1.0618160895776287,1.0623160895776287,100
2024-01-19 11:00:00,1.061901553826356,1.062401553826356,1.0614015538263561,1.061901553826356,100
2024-01-19 12:00:00,1.063100195172808,1.063600195172808,1.0626001951728081,1.063100195172808,100
2024-01-19 13:00:00,1.062476323681491,1.0629763236814909,1.061976323681491,1.062476323681491,100
2024-01-19 14:00:00,1.0627855252763916,1.0632855252763915,1.0622855252763916,1.0627855252763916,100
2024-01-19 15:00:00,1.0626036988711458,1.0631036988711458,1.0621036988711459,1.0626036988711458,100
2024-01-19 16:00:00,1.0620004814238448,1.0625004814238448,1.061500481423845,1.0620004814238448,100
2024-01-19 17:00:00,1.062470621457907,1.0629706214579069,1.061970621457907,1.062470621457907,100
2024-01-19 18:00:00,1.062346635399447,1.062846635399447,1.0618466353994471,1.062346635399447,100
2024-01-19 19:00:00,1.0628292038640181,1.063329203864018,1.0623292038640182,1.0628292038640181,100
2024-01-19 20:00:00,1.0627913706582444,1.0632913706582443,1.0622913706582444,1.0627913706582444,100
2024-01-19 21:00:00,1.0619227176540034,1.0624227176540033,1.0614227176540034,1.0619227176540034,100
2024-01-19 22:00:00,1.061841062259452,1.062341062259452,1.0613410622594521,1.061841062259452,100
2024-01-19 23:00:00,1.0618826263950651,1.062382626395065,1.0613826263950652,1.0618826263950651,100
2024-01-20 00:00:00,1.06264939675817,1.06314939675817,1.06214939675817,1.06264939675817,100
2024-01-20 01:00:00,1.0619243815523018,1.0624243815523018,1.061424381552302,1.0619243815523018,100
2024-01-20 02:00:00,1.061892917669688,1.062392917669688,1.0613929176696881,1.061892917669688,100
2024-01-20 03:00:00,1.060515414685504,1.061015414685504,1.060015414685504,1.060515414685504,100
2024-01-20 04:00:00,1.0610366091337786,1.0615366091337786,1.0605366091337787,1.0610366091337786,100
2024-01-20 05:00:00,1.0601714227540662,1.0606714227540661,1.0596714227540662,1.0601714227540662,100
2024-01-20 06:00:00,1.0587263351371992,1.059226335137199,1.0582263351371992,1.0587263351371992,100
2024-01-20 07:00:00,1.0586789616697794,1.0591789616697793,1.0581789616697794,1.0586789616697794,100
2024-01-20 08:00:00,1.0595635096367098,1.0600635096367097,1.0590635096367098,1.0595635096367098,100
2024-01-20 09:00:00,1.0583439520781404,1.0588439520781403,1.0578439520781404,1.0583439520781404,100
2024-01-20 10:00:00,1.0574735236098296,1.0579735236098295,1.0569735236098297,1.0574735236098296,100
2024-01-20 11:00:00,1.0568789036969868,1.0573789036969867,1.0563789036969868,1.0568789036969868,100
2024-01-20 12:00:00,1.0559753063799133,1.0564753063799133,1.0554753063799134,1.0559753063799133,100
2024-01-20 13:00:00,1.056278848690581,1.056778848690581,1.055778848690581,1.056278848690581,100
2024-01-20 14:00:00,1.0556329547345453,1.0561329547345453,1.0551329547345454,1.0556329547345453,100
2024-01-20 15:00:00,1.0550557429453773,1.0555557429453772,1.0545557429453774,1.0550557429453773,100
2024-01-20 16:00:00,1.0555223872643231,1.056022387264323,1.0550223872643232,1.0555223872643231,100
2024-01-20 17:00:00,1.0549179755595481,1.055417975559548,1.0544179755595482,1.0549179755595481,100
2024-01-20 18:00:00,1.0552641996377727,1.0557641996377727,1.0547641996377728,1.0552641996377727,100
2024-01-20 19:00:00,1.054487091500267,1.054987091500267,1.0539870915002671,1.054487091500267,100
2024-01-20 20:00:00,1.0535173806888949,1.0540173806888948,1.053017380688895,1.0535173806888949,100
2024-01-20 21:00:00,1.0520490212575422,1.0525490212575421,1.0515490212575422,1.0520490212575422,100
2024-01-20 22:00:00,1.0535379834870715,1.0540379834870715,1.0530379834870716,1.0535379834870715,100
2024-01-20 23:00:00,1.0532817762613667,1.0537817762613666,1.0527817762613667,1.0532817762613667,100
2024-01-21 00:00:00,1.0534769229557255,1.0539769229557254,1.0529769229557255,1.0534769229557255,100
2024-01-21 01:00:00,1.0534520833485408,1.0539520833485407,1.0529520833485408,1.0534520833485408,100
2024-01-21 02:00:00,1.0535800527541466,1.0540800527541465,1.0530800527541466,1.0535800527541466,100
2024-01-21 03:00:00,1.0536198019376461,1.054119801937646,1.0531198019376462,1.0536198019376461,100
2024-01-21 04:00:00,1.0551463755690083,1.0556463755690082,1.0546463755690083,1.0551463755690083,100
2024-01-21 05:00:00,1.0543152342962425,1.0548152342962425,1.0538152342962426,1.0543152342962425,100
2024-01-21 06:00:00,1.053069264611364,1.053569264611364,1.052569264611364,1.053069264611364,100
2024-01-21 07:00:00,1.0522596968765765,1.0527596968765764,1.0517596968765766,1.0522596968765765,100
2024-01-21 08:00:00,1.0511919296687697,1.0516919296687697,1.0506919296687698,1.0511919296687697,100
2024-01-21 09:00:00,1.0517894993107553,1.0522894993107552,1.0512894993107553,1.0517894993107553,100
2024-01-21 10:00:00,1.0524458018783853,1.0529458018783853,1.0519458018783854,1.0524458018783853,100
2024-01-21 11:00:00,1.0516767494422652,1.0521767494422651,1.0511767494422652,1.0516767494422652,100
2024-01-21 12:00:00,1.0505644008210948,1.0510644008210948,1.0500644008210949,1.0505644008210948,100
2024-01-21 13:00:00,1.050280563498582,1.0507805634985818,1.049780563498582,1.050280563498582,100
2024-01-21 14:00:00,1.051393462600883,1.051893462600883,1.050893462600883,1.051393462600883,100
2024-01-21 15:00:00,1.0491378070666444,1.0496378070666443,1.0486378070666444,1.0491378070666444,100
2024-01-21 16:00:00,1.049559108481857,1.050059108481857,1.049059108481857,1.049559108481857,100
2024-01-21 17:00:00,1.0486985042998982,1.0491985042998981,1.0481985042998982,1.0486985042998982,100
2024-01-21 18:00:00,1.0495307980171311,1.050030798017131,1.0490307980171312,1.0495307980171311,100
2024-01-21 19:00:00,1.0486684588644297,1.0491684588644297,1.0481684588644298,1.0486684588644297,100
2024-01-21 20:00:00,1.048440126202657,1.048940126202657,1.047940126202657,1.048440126202657,100
2024-01-21 21:00:00,1.0472351029221454,1.0477351029221453,1.0467351029221454,1.0472351029221454,100
2024-01-21 22:00:00,1.046453296641747,1.046953296641747,1.045953296641747,1.046453296641747,100
2024-01-21 23:00:00,1.047561967972184,1.0480619679721839,1.047061967972184,1.047561967972184,100
2024-01-22 00:00:00,1.048218430920896,1.048718430920896,1.047718430920896,1.048218430920896,100
2024-01-22 01:00:00,1.0478970963991754,1.0483970963991753,1.0473970963991754,1.0478970963991754,100
2024-01-22 02:00:00,1.047200958503012,1.047700958503012,1.046700958503012,1.047200958503012,100
2024-01-22 03:00:00,1.0456859127938025,1.0461859127938025,1.0451859127938026,1.0456859127938025,100
2024-01-22 04:00:00,1.0453709874242818,1.0458709874242818,1.0448709874242819,1.0453709874242818,100
2024-01-22 05:00:00,1.0453462648222127,1.0458462648222127,1.0448462648222128,1.0453462648222127,100
2024-01-22 06:00:00,1.045279021335945,1.045779021335945,1.0447790213359451,1.045279021335945,100
2024-01-22 07:00:00,1.0452039877935642,1.045703987793564,1.0447039877935642,1.0452039877935642,100
2024-01-22 08:00:00,1.0443065400917826,1.0448065400917825,1.0438065400917826,1.0443065400917826,100
2024-01-22 09:00:00,1.0442535209834902,1.0447535209834902,1.0437535209834903,1.0442535209834902,100
2024-01-22 10:00:00,1.044222582279862,1.044722582279862,1.0437225822798621,1.044222582279862,100
2024-01-22 11:00:00,1.0452550319101046,1.0457550319101045,1.0447550319101047,1.0452550319101046,100
2024-01-22 12:00:00,1.0467484186735865,1.0472484186735864,1.0462484186735865,1.0467484186735865,100
2024-01-22 13:00:00,1.0466388274520522,1.0471388274520521,1.0461388274520522,1.0466388274520522,100
2024-01-22 14:00:00,1.0460257826911115,1.0465257826911114,1.0455257826911115,1.0460257826911115,100
2024-01-22 15:00:00,1.045973796987302,1.046473796987302,1.045473796987302,1.045973796987302,100
2024-01-22 16:00:00,1.0454876999670983,1.0459876999670983,1.0449876999670984,1.0454876999670983,100
2024-01-22 17:00:00,1.0448937529145015,1.0453937529145014,1.0443937529145015,1.0448937529145015,100
2024-01-22 18:00:00,1.0448468327929636,1.0453468327929636,1.0443468327929637,1.0448468327929636,100
2024-01-22 19:00:00,1.0440121892480418,1.0445121892480418,1.043512189248042,1.0440121892480418,100
2024-01-22 20:00:00,1.044497074648966,1.0449970746489659,1.043997074648966,1.044497074648966,100
2024-01-22 21:00:00,1.0444139422096186,1.0449139422096185,1.0439139422096186,1.0444139422096186,100
2024-01-22 22:00:00,1.0446139488551065,1.0451139488551064,1.0441139488551066,1.0446139488551065,100
2024-01-22 23:00:00,1.04446759682633,1.04496759682633,1.04396759682633,1.04446759682633,100
2024-01-23 00:00:00,1.0438857932685282,1.044385793268528,1.0433857932685282,1.0438857932685282,100
2024-01-23 01:00:00,1.043127425620729,1.043627425620729,1.042627425620729,1.043127425620729,100
2024-01-23 02:00:00,1.0429376048172694,1.0434376048172693,1.0424376048172694,1.0429376048172694,100
2024-01-23 03:00:00,1.0424985965473272,1.0429985965473272,1.0419985965473273,1.0424985965473272,100
2024-01-23 04:00:00,1.0426857176138948,1.0431857176138948,1.042185717613895,1.0426857176138948,100
2024-01-23 05:00:00,1.0426821722513366,1.0431821722513366,1.0421821722513367,1.0426821722513366,100
2024-01-23 06:00:00,1.0415923268529985,1.0420923268529985,1.0410923268529986,1.0415923268529985,100
2024-01-23 07:00:00,1.0416460238925411,1.042146023892541,1.0411460238925412,1.0416460238925411,100
2024-01-23 08:00:00,1.0405717355588286,1.0410717355588286,1.0400717355588287,1.0405717355588286,100
2024-01-23 09:00:00,1.0400785534584132,1.040578553458413,1.0395785534584132,1.0400785534584132,100
2024-01-23 10:00:00,1.0398430705710389,1.0403430705710388,1.039343070571039,1.0398430705710389,100
2024-01-23 11:00:00,1.0381828519487097,1.0386828519487097,1.0376828519487098,1.0381828519487097,100
2024-01-23 12:00:00,1.038256057906998,1.0387560579069979,1.037756057906998,1.038256057906998,100
2024-01-23 13:00:00,1.0383768445867694,1.0388768445867693,1.0378768445867694,1.0383768445867694,100
2024-01-23 14:00:00,1.0382504252320295,1.0387504252320294,1.0377504252320295,1.0382504252320295,100
2024-01-23 15:00:00,1.0379109714140522,1.0384109714140521,1.0374109714140523,1.0379109714140522,100
2024-01-23 16:00:00,1.0376120884859659,1.0381120884859658,1.037112088485966,1.0376120884859659,100
2024-01-23 17:00:00,1.036830856911077,1.0373308569110768,1.036330856911077,1.036830856911077,100
2024-01-23 18:00:00,1.0366150966152938,1.0371150966152938,1.0361150966152939,1.0366150966152938,100
2024-01-23 19:00:00,1.036173007172482,1.036673007172482,1.035673007172482,1.036173007172482,100
2024-01-23 20:00:00,1.036246355486632,1.0367463554866319,1.035746355486632,1.036246355486632,100
2024-01-23 21:00:00,1.035283046614996,1.035783046614996,1.034783046614996,1.035283046614996,100
2024-01-23 22:00:00,1.035471518542205,1.035971518542205,1.034971518542205,1.035471518542205,100
2024-01-23 23:00:00,1.035586093656987,1.036086093656987,1.035086093656987,1.035586093656987,100
2024-01-24 00:00:00,1.0354728433912441,1.035972843391244,1.0349728433912442,1.0354728433912441,100
2024-01-24 01:00:00,1.035121479532775,1.035621479532775,1.034621479532775,1.035121479532775,100
2024-01-24 02:00:00,1.035563351446751,1.036063351446751,1.035063351446751,1.035563351446751,100
2024-01-24 03:00:00,1.0342316700813161,1.034731670081316,1.0337316700813162,1.0342316700813161,100
2024-01-24 04:00:00,1.034600032751832,1.035100032751832,1.0341000327518322,1.034600032751832,100
2024-01-24 05:00:00,1.0347944627247845,1.0352944627247844,1.0342944627247845,1.0347944627247845,100
2024-01-24 06:00:00,1.0350211637588123,1.0355211637588122,1.0345211637588123,1.0350211637588123,100
2024-01-24 07:00:00,1.0353278138327582,1.0358278138327581,1.0348278138327582,1.0353278138327582,100
2024-01-24 08:00:00,1.034804898307484,1.035304898307484,1.034304898307484,1.034804898307484,100
2024-01-24 09:00:00,1.0345973302608429,1.0350973302608428,1.034097330260843,1.0345973302608429,100
2024-01-24 10:00:00,1.0351069769258159,1.0356069769258158,1.034606976925816,1.0351069769258159,100
2024-01-24 11:00:00,1.0354514883210824,1.0359514883210823,1.0349514883210824,1.0354514883210824,100
2024-01-24 12:00:00,1.0356168585334364,1.0361168585334364,1.0351168585334365,1.0356168585334364,100
2024-01-24 13:00:00,1.0344054023373408,1.0349054023373407,1.0339054023373409,1.0344054023373408,100
2024-01-24 14:00:00,1.0348357120292473,1.0353357120292472,1.0343357120292473,1.0348357120292473,100
2024-01-24 15:00:00,1.0357712888228419,1.0362712888228418,1.035271288822842,1.0357712888228419,100
2024-01-24 16:00:00,1.0365790260172763,1.0370790260172762,1.0360790260172763,1.0365790260172763,100
2024-01-24 17:00:00,1.0367661284562915,1.0372661284562914,1.0362661284562915,1.0367661284562915,100
2024-01-24 18:00:00,1.035519985573408,1.036019985573408,1.0350199855734081,1.035519985573408,100
2024-01-24 19:00:00,1.0362740214247905,1.0367740214247905,1.0357740214247906,1.0362740214247905,100
2024-01-24 20:00:00,1.0361562177154147,1.0366562177154146,1.0356562177154147,1.0361562177154147,100
2024-01-24 21:00:00,1.0341302019969612,1.034630201996961,1.0336302019969612,1.0341302019969612,100
2024-01-24 22:00:00,1.034431967919447,1.0349319679194469,1.033931967919447,1.034431967919447,100
2024-01-24 23:00:00,1.0332382304929832,1.0337382304929832,1.0327382304929833,1.0332382304929832,100
2024-01-25 00:00:00,1.0322010780288273,1.0327010780288273,1.0317010780288274,1.0322010780288273,100
2024-01-25 01:00:00,1.031693110914928,1.032193110914928,1.0311931109149282,1.031693110914928,100
2024-01-25 02:00:00,1.0327111838572345,1.0332111838572344,1.0322111838572345,1.0327111838572345,100
2024-01-25 03:00:00,1.0324145075738917,1.0329145075738917,1.0319145075738918,1.0324145075738917,100
2024-01-25 04:00:00,1.032631300844081,1.033131300844081,1.0321313008440811,1.032631300844081,100
2024-01-25 05:00:00,1.0340296752150828,1.0345296752150828,1.0335296752150829,1.0340296752150828,100
2024-01-25 06:00:00,1.0353048990252076,1.0358048990252076,1.0348048990252077,1.0353048990252076,100
2024-01-25 07:00:00,1.0352222162925457,1.0357222162925457,1.0347222162925458,1.0352222162925457,100
2024-01-25 08:00:00,1.0350289994748973,1.0355289994748973,1.0345289994748974,1.0350289994748973,100
2024-01-25 09:00:00,1.0340203029676256,1.0345203029676255,1.0335203029676256,1.0340203029676256,100
2024-01-25 10:00:00,1.0334647365082803,1.0339647365082802,1.0329647365082804,1.0334647365082803,100
2024-01-25 11:00:00,1.0338050231863705,1.0343050231863704,1.0333050231863705,1.0338050231863705,100
2024-01-25 12:00:00,1.0341216077958182,1.0346216077958181,1.0336216077958182,1.0341216077958182,100
2024-01-25 13:00:00,1.0342097983807574,1.0347097983807574,1.0337097983807575,1.0342097983807574,100
2024-01-25 14:00:00,1.0350056397068086,1.0355056397068085,1.0345056397068086,1.0350056397068086,100
2024-01-25 15:00:00,1.034387745296382,1.034887745296382,1.0338877452963822,1.034387745296382,100
2024-01-25 16:00:00,1.0343428840802353,1.0348428840802353,1.0338428840802354,1.0343428840802353,100
2024-01-25 17:00:00,1.0349278784710312,1.0354278784710311,1.0344278784710312,1.0349278784710312,100
2024-01-25 18:00:00,1.0353951951960134,1.0358951951960134,1.0348951951960135,1.0353951951960134,100
2024-01-25 19:00:00,1.0362519518165993,1.0367519518165993,1.0357519518165994,1.0362519518165993,100
2024-01-25 20:00:00,1.0365695681420115,1.0370695681420115,1.0360695681420116,1.0365695681420115,100
2024-01-25 21:00:00,1.036322046097534,1.036822046097534,1.035822046097534,1.036322046097534,100
2024-01-25 22:00:00,1.0366117999057438,1.0371117999057438,1.0361117999057439,1.0366117999057438,100
2024-01-25 23:00:00,1.0358097237486366,1.0363097237486365,1.0353097237486366,1.0358097237486366,100
2024-01-26 00:00:00,1.0344981562834021,1.034998156283402,1.0339981562834022,1.0344981562834021,100
2024-01-26 01:00:00,1.0349626937081198,1.0354626937081197,1.0344626937081198,1.0349626937081198,100
2024-01-26 02:00:00,1.034918581441863,1.035418581441863,1.0344185814418632,1.034918581441863,100
2024-01-26 03:00:00,1.0351653091429966,1.0356653091429966,1.0346653091429967,1.0351653091429966,100
2024-01-26 04:00:00,1.0338071616519235,1.0343071616519235,1.0333071616519236,1.0338071616519235,100
2024-01-26 05:00:00,1.0335150704321432,1.0340150704321431,1.0330150704321432,1.0335150704321432,100
2024-01-26 06:00:00,1.0330351847411579,1.0335351847411578,1.032535184741158,1.0330351847411579,100
2024-01-26 07:00:00,1.0323438150493687,1.0328438150493686,1.0318438150493687,1.0323438150493687,100
2024-01-26 08:00:00,1.0305398030441986,1.0310398030441985,1.0300398030441986,1.0305398030441986,100
2024-01-26 09:00:00,1.030271904258489,1.0307719042584889,1.029771904258489,1.030271904258489,100
2024-01-26 10:00:00,1.030989747689022,1.031489747689022,1.030489747689022,1.030989747689022,100
2024-01-26 11:00:00,1.031294545866513,1.031794545866513,1.030794545866513,1.031294545866513,100
2024-01-26 12:00:00,1.0308137885787803,1.0313137885787802,1.0303137885787803,1.0308137885787803,100
2024-01-26 13:00:00,1.03080188780146,1.03130188780146,1.03030188780146,1.03080188780146,100
2024-01-26 14:00:00,1.0314073278656504,1.0319073278656503,1.0309073278656504,1.0314073278656504,100
2024-01-26 15:00:00,1.029198993575527,1.029698993575527,1.028698993575527,1.029198993575527,100
2024-01-26 16:00:00,1.029099364338082,1.0295993643380819,1.028599364338082,1.029099364338082,100
2024-01-26 17:00:00,1.029533924455827,1.030033924455827,1.029033924455827,1.029533924455827,100
2024-01-26 18:00:00,1.0300796273560142,1.0305796273560142,1.0295796273560143,1.0300796273560142,100
2024-01-26 19:00:00,1.0314402115216224,1.0319402115216223,1.0309402115216224,1.0314402115216224,100
2024-01-26 20:00:00,1.0323482480648996,1.0328482480648995,1.0318482480648996,1.0323482480648996,100
2024-01-26 21:00:00,1.0325982983326965,1.0330982983326964,1.0320982983326965,1.0325982983326965,100
2024-01-26 22:00:00,1.0328398791375888,1.0333398791375887,1.0323398791375888,1.0328398791375888,100
2024-01-26 23:00:00,1.0334694354159846,1.0339694354159845,1.0329694354159846,1.0334694354159846,100
2024-01-27 00:00:00,1.0330379738201907,1.0335379738201906,1.0325379738201907,1.0330379738201907,100
2024-01-27 01:00:00,1.033005823376236,1.033505823376236,1.032505823376236,1.033005823376236,100
2024-01-27 02:00:00,1.033730814578699,1.034230814578699,1.033230814578699,1.033730814578699,100
2024-01-27 03:00:00,1.035296770750615,1.035796770750615,1.0347967707506152,1.035296770750615,100
2024-01-27 04:00:00,1.0351693569060296,1.0356693569060296,1.0346693569060297,1.0351693569060296,100
2024-01-27 05:00:00,1.0351306363545658,1.0356306363545658,1.0346306363545659,1.0351306363545658,100
2024-01-27 06:00:00,1.035289420509596,1.0357894205095959,1.034789420509596,1.035289420509596,100
2024-01-27 07:00:00,1.0363639834648022,1.0368639834648021,1.0358639834648022,1.0363639834648022,100
2024-01-27 08:00:00,1.036339732821931,1.036839732821931,1.035839732821931,1.036339732821931,100
2024-01-27 09:00:00,1.037515220051108,1.038015220051108,1.037015220051108,1.037515220051108,100
2024-01-27 10:00:00,1.036741894277165,1.0372418942771648,1.036241894277165,1.036741894277165,100
2024-01-27 11:00:00,1.0365930652405753,1.0370930652405752,1.0360930652405753,1.0365930652405753,100
2024-01-27 12:00:00,1.036434533115227,1.0369345331152269,1.035934533115227,1.036434533115227,100
2024-01-27 13:00:00,1.0370637376945038,1.0375637376945037,1.0365637376945038,1.0370637376945038,100
2024-01-27 14:00:00,1.0378999459960865,1.0383999459960864,1.0373999459960865,1.0378999459960865,100
2024-01-27 15:00:00,1.036692390509592,1.0371923905095919,1.036192390509592,1.036692390509592,100
2024-01-27 16:00:00,1.035960296408943,1.0364602964089429,1.035460296408943,1.035960296408943,100
2024-01-27 17:00:00,1.036229778391964,1.036729778391964,1.0357297783919641,1.036229778391964,100
2024-01-27 18:00:00,1.0357028234752554,1.0362028234752554,1.0352028234752555,1.0357028234752554,100
2024-01-27 19:00:00,1.0344848812547374,1.0349848812547373,1.0339848812547374,1.0344848812547374,100
2024-01-27 20:00:00,1.035315665232356,1.035815665232356,1.0348156652323561,1.035315665232356,100
2024-01-27 21:00:00,1.035710841299679,1.0362108412996789,1.035210841299679,1.035710841299679,100
2024-01-27 22:00:00,1.0361053832971676,1.0366053832971676,1.0356053832971677,1.0361053832971676,100
2024-01-27 23:00:00,1.0357250267240108,1.0362250267240107,1.0352250267240108,1.0357250267240108,100
2024-01-28 00:00:00,1.0365481774857446,1.0370481774857445,1.0360481774857446,1.0365481774857446,100
2024-01-28 01:00:00,1.036356209488603,1.036856209488603,1.035856209488603,1.036356209488603,100
2024-01-28 02:00:00,1.0372333577108612,1.0377333577108612,1.0367333577108613,1.0372333577108612,100
2024-01-28 03:00:00,1.0365040255901072,1.0370040255901072,1.0360040255901073,1.0365040255901072,100
2024-01-28 04:00:00,1.0358207172319602,1.0363207172319602,1.0353207172319603,1.0358207172319602,100
2024-01-28 05:00:00,1.0359844478004383,1.0364844478004382,1.0354844478004384,1.0359844478004383,100
2024-01-28 06:00:00,1.0354225820838006,1.0359225820838005,1.0349225820838006,1.0354225820838006,100
2024-01-28 07:00:00,1.0359629429360957,1.0364629429360956,1.0354629429360958,1.0359629429360957,100
2024-01-28 08:00:00,1.036171013131399,1.036671013131399,1.035671013131399,1.036171013131399,100
2024-01-28 09:00:00,1.0354326361571085,1.0359326361571084,1.0349326361571085,1.0354326361571085,100
2024-01-28 10:00:00,1.0354909286378646,1.0359909286378646,1.0349909286378647,1.0354909286378646,100
2024-01-28 11:00:00,1.0352099064873146,1.0357099064873145,1.0347099064873146,1.0352099064873146,100
2024-01-28 12:00:00,1.0359425727506562,1.036442572750656,1.0354425727506562,1.0359425727506562,100
2024-01-28 13:00:00,1.0354365303641138,1.0359365303641137,1.0349365303641138,1.0354365303641138,100
2024-01-28 14:00:00,1.0350851918877355,1.0355851918877355,1.0345851918877356,1.0350851918877355,100
2024-01-28 15:00:00,1.0360541814120365,1.0365541814120365,1.0355541814120366,1.0360541814120365,100
2024-01-28 16:00:00,1.0378450561234305,1.0383450561234304,1.0373450561234305,1.0378450561234305,100
2024-01-28 17:00:00,1.0394442630548129,1.0399442630548128,1.038944263054813,1.0394442630548129,100
2024-01-28 18:00:00,1.0394948414641414,1.0399948414641413,1.0389948414641414,1.0394948414641414,100
2024-01-28 19:00:00,1.0396699252297958,1.0401699252297958,1.039169925229796,1.0396699252297958,100
2024-01-28 20:00:00,1.040896692159622,1.041396692159622,1.0403966921596222,1.040896692159622,100
2024-01-28 21:00:00,1.0407971443146262,1.0412971443146262,1.0402971443146263,1.0407971443146262,100
2024-01-28 22:00:00,1.0400160650049164,1.0405160650049163,1.0395160650049164,1.0400160650049164,100
2024-01-28 23:00:00,1.0401095654828654,1.0406095654828653,1.0396095654828654,1.0401095654828654,100
2024-01-29 00:00:00,1.0404707789072911,1.040970778907291,1.0399707789072912,1.0404707789072911,100
2024-01-29 01:00:00,1.0398074592130366,1.0403074592130366,1.0393074592130367,1.0398074592130366,100
2024-01-29 02:00:00,1.0384904742998373,1.0389904742998373,1.0379904742998374,1.0384904742998373,100
2024-01-29 03:00:00,1.037341090688194,1.0378410906881939,1.036841090688194,1.037341090688194,100
2024-01-29 04:00:00,1.0378734341155318,1.0383734341155317,1.0373734341155318,1.0378734341155318,100
2024-01-29 05:00:00,1.0372667329024823,1.0377667329024822,1.0367667329024823,1.0372667329024823,100
2024-01-29 06:00:00,1.0371536552285854,1.0376536552285853,1.0366536552285854,1.0371536552285854,100
2024-01-29 07:00:00,1.0373237021760557,1.0378237021760557,1.0368237021760558,1.0373237021760557,100
2024-01-29 08:00:00,1.0378190148793316,1.0383190148793315,1.0373190148793316,1.0378190148793316,100
2024-01-29 09:00:00,1.0375510926403608,1.0380510926403608,1.0370510926403609,1.0375510926403608,100
2024-01-29 10:00:00,1.0379500652007452,1.0384500652007451,1.0374500652007452,1.0379500652007452,100
2024-01-29 11:00:00,1.0372380169670485,1.0377380169670485,1.0367380169670486,1.0372380169670485,100
2024-01-29 12:00:00,1.0369486457465062,1.0374486457465062,1.0364486457465063,1.0369486457465062,100
2024-01-29 13:00:00,1.0361291132762758,1.0366291132762757,1.0356291132762758,1.0361291132762758,100
2024-01-29 14:00:00,1.0370345270493653,1.0375345270493652,1.0365345270493653,1.0370345270493653,100
2024-01-29 15:00:00,1.0370128604669118,1.0375128604669117,1.0365128604669118,1.0370128604669118,100
2024-01-29 16:00:00,1.0364214144768076,1.0369214144768075,1.0359214144768076,1.0364214144768076,100
2024-01-29 17:00:00,1.0361395170383554,1.0366395170383553,1.0356395170383554,1.0361395170383554,100
2024-01-29 18:00:00,1.0359621342537768,1.0364621342537768,1.0354621342537769,1.0359621342537768,100
2024-01-29 19:00:00,1.036522550086837,1.0370225500868369,1.036022550086837,1.036522550086837,100
2024-01-29 20:00:00,1.0352460411442885,1.0357460411442885,1.0347460411442886,1.0352460411442885,100
2024-01-29 21:00:00,1.0344162764709883,1.0349162764709883,1.0339162764709884,1.0344162764709883,100
2024-01-29 22:00:00,1.0341137906697424,1.0346137906697424,1.0336137906697425,1.0341137906697424,100
2024-01-29 23:00:00,1.0361396353359567,1.0366396353359566,1.0356396353359567,1.0361396353359567,100
2024-01-30 00:00:00,1.0369041784499822,1.0374041784499821,1.0364041784499822,1.0369041784499822,100
2024-01-30 01:00:00,1.0368150171066775,1.0373150171066774,1.0363150171066775,1.0368150171066775,100
2024-01-30 02:00:00,1.0373846167726062,1.0378846167726061,1.0368846167726062,1.0373846167726062,100
2024-01-30 03:00:00,1.0390305657083103,1.0395305657083103,1.0385305657083104,1.0390305657083103,100
2024-01-30 04:00:00,1.0388435705668901,1.03934357056689,1.0383435705668902,1.0388435705668901,100
2024-01-30 05:00:00,1.0385504398916119,1.0390504398916118,1.038050439891612,1.0385504398916119,100
2024-01-30 06:00:00,1.0395199947261895,1.0400199947261894,1.0390199947261896,1.0395199947261895,100
2024-01-30 07:00:00,1.039915335124696,1.0404153351246959,1.039415335124696,1.039915335124696,100
2024-01-30 08:00:00,1.0404524016489538,1.0409524016489538,1.0399524016489539,1.0404524016489538,100
2024-01-30 09:00:00,1.0400458237295294,1.0405458237295293,1.0395458237295294,1.0400458237295294,100
2024-01-30 10:00:00,1.0415851862354035,1.0420851862354035,1.0410851862354036,1.0415851862354035,100
2024-01-30 11:00:00,1.0429528588766785,1.0434528588766785,1.0424528588766786,1.0429528588766785,100
2024-01-30 12:00:00,1.0434056171077768,1.0439056171077767,1.0429056171077769,1.0434056171077768,100
2024-01-30 13:00:00,1.0439530489782944,1.0444530489782944,1.0434530489782945,1.0439530489782944,100
2024-01-30 14:00:00,1.0423312402805,1.0428312402805,1.0418312402805001,1.0423312402805,100
2024-01-30 15:00:00,1.042841408115298,1.0433414081152979,1.042341408115298,1.042841408115298,100
2024-01-30 16:00:00,1.0426861212455176,1.0431861212455176,1.0421861212455177,1.0426861212455176,100
2024-01-30 17:00:00,1.0430332458101803,1.0435332458101803,1.0425332458101804,1.0430332458101803,100
2024-01-30 18:00:00,1.043579213339657,1.044079213339657,1.0430792133396571,1.043579213339657,100
2024-01-30 19:00:00,1.0433061799251704,1.0438061799251703,1.0428061799251704,1.0433061799251704,100
2024-01-30 20:00:00,1.0419537944850208,1.0424537944850207,1.0414537944850208,1.0419537944850208,100
2024-01-30 21:00:00,1.0422480941370802,1.0427480941370801,1.0417480941370802,1.0422480941370802,100
2024-01-30 22:00:00,1.041654987215128,1.042154987215128,1.041154987215128,1.041654987215128,100
2024-01-30 23:00:00,1.0413908319409484,1.0418908319409483,1.0408908319409484,1.0413908319409484,100
2024-01-31 00:00:00,1.0409072240656732,1.041407224065673,1.0404072240656732,1.0409072240656732,100
2024-01-31 01:00:00,1.0406339646614688,1.0411339646614688,1.040133964661469,1.0406339646614688,100
2024-01-31 02:00:00,1.038786347895656,1.039286347895656,1.038286347895656,1.038786347895656,100
2024-01-31 03:00:00,1.0397599055974414,1.0402599055974413,1.0392599055974414,1.0397599055974414,100
2024-01-31 04:00:00,1.0399625824793026,1.0404625824793026,1.0394625824793027,1.0399625824793026,100
2024-01-31 05:00:00,1.0408517018896377,1.0413517018896377,1.0403517018896378,1.0408517018896377,100
2024-01-31 06:00:00,1.0424355753534855,1.0429355753534855,1.0419355753534856,1.0424355753534855,100
2024-01-31 07:00:00,1.0424536498515358,1.0429536498515357,1.0419536498515358,1.0424536498515358,100
2024-01-31 08:00:00,1.0410117008468633,1.0415117008468633,1.0405117008468634,1.0410117008468633,100
2024-01-31 09:00:00,1.0402965913665596,1.0407965913665596,1.0397965913665597,1.0402965913665596,100
2024-01-31 10:00:00,1.0393310677818424,1.0398310677818423,1.0388310677818424,1.0393310677818424,100
2024-01-31 11:00:00,1.0389295680673263,1.0394295680673262,1.0384295680673263,1.0389295680673263,100
2024-01-31 12:00:00,1.038993286449779,1.039493286449779,1.0384932864497791,1.038993286449779,100
2024-01-31 13:00:00,1.0373915366361603,1.0378915366361603,1.0368915366361604,1.0373915366361603,100
2024-01-31 14:00:00,1.0376655170308338,1.0381655170308337,1.0371655170308338,1.0376655170308338,100
2024-01-31 15:00:00,1.036457231708205,1.036957231708205,1.035957231708205,1.036457231708205,100
2024-01-31 16:00:00,1.036695123918445,1.037195123918445,1.036195123918445,1.036695123918445,100
2024-01-31 17:00:00,1.0366075310023035,1.0371075310023035,1.0361075310023036,1.0366075310023035,100
2024-01-31 18:00:00,1.0363566260109494,1.0368566260109493,1.0358566260109494,1.0363566260109494,100
2024-01-31 19:00:00,1.0362981915661964,1.0367981915661963,1.0357981915661965,1.0362981915661964,100
2024-01-31 20:00:00,1.035866369153611,1.036366369153611,1.035366369153611,1.035866369153611,100
2024-01-31 21:00:00,1.0353763919988876,1.0358763919988876,1.0348763919988877,1.0353763919988876,100
2024-01-31 22:00:00,1.0340301868861925,1.0345301868861925,1.0335301868861926,1.0340301868861925,100
2024-01-31 23:00:00,1.0340064850343131,1.034506485034313,1.0335064850343132,1.0340064850343131,100
2024-02-01 00:00:00,1.0354829120028117,1.0359829120028117,1.0349829120028118,1.0354829120028117,100
2024-02-01 01:00:00,1.0370673080531194,1.0375673080531194,1.0365673080531195,1.0370673080531194,100
2024-02-01 02:00:00,1.0381247621303553,1.0386247621303553,1.0376247621303554,1.0381247621303553,100
2024-02-01 03:00:00,1.0386894034110365,1.0391894034110365,1.0381894034110366,1.0386894034110365,100
2024-02-01 04:00:00,1.0381482193117726,1.0386482193117725,1.0376482193117726,1.0381482193117726,100
2024-02-01 05:00:00,1.0393024199423455,1.0398024199423455,1.0388024199423456,1.0393024199423455,100
2024-02-01 06:00:00,1.0392575178987928,1.0397575178987928,1.038757517898793,1.0392575178987928,100
2024-02-01 07:00:00,1.0392024174909824,1.0397024174909824,1.0387024174909825,1.0392024174909824,100
2024-02-01 08:00:00,1.038969435785511,1.039469435785511,1.038469435785511,1.038969435785511,100
2024-02-01 09:00:00,1.0390430053047257,1.0395430053047257,1.0385430053047258,1.0390430053047257,100
2024-02-01 10:00:00,1.0386948333834551,1.039194833383455,1.0381948333834552,1.0386948333834551,100
2024-02-01 11:00:00,1.0386278076479567,1.0391278076479566,1.0381278076479568,1.0386278076479567,100
2024-02-01 12:00:00,1.037760128360975,1.038260128360975,1.037260128360975,1.037760128360975,100
2024-02-01 13:00:00,1.0374611973971826,1.0379611973971825,1.0369611973971826,1.0374611973971826,100
2024-02-01 14:00:00,1.0392856425731423,1.0397856425731422,1.0387856425731423,1.0392856425731423,100
2024-02-01 15:00:00,1.0392299673507728,1.0397299673507727,1.0387299673507728,1.0392299673507728,100
2024-02-01 16:00:00,1.0390390388989554,1.0395390388989554,1.0385390388989555,1.0390390388989554,100
2024-02-01 17:00:00,1.0394649383222394,1.0399649383222394,1.0389649383222395,1.0394649383222394,100
2024-02-01 18:00:00,1.040031435779602,1.040531435779602,1.0395314357796022,1.040031435779602,100
2024-02-01 19:00:00,1.0391404206922645,1.0396404206922645,1.0386404206922646,1.0391404206922645,100
2024-02-01 20:00:00,1.038974693666022,1.039474693666022,1.038474693666022,1.038974693666022,100
2024-02-01 21:00:00,1.0397093143387697,1.0402093143387696,1.0392093143387697,1.0397093143387697,100
2024-02-01 22:00:00,1.0399251844420274,1.0404251844420274,1.0394251844420275,1.0399251844420274,100
2024-02-01 23:00:00,1.040022747676829,1.0405227476768288,1.039522747676829,1.040022747676829,100
2024-02-02 00:00:00,1.0412659618117157,1.0417659618117157,1.0407659618117158,1.0412659618117157,100
2024-02-02 01:00:00,1.0407237436040042,1.0412237436040042,1.0402237436040043,1.0407237436040042,100
2024-02-02 02:00:00,1.0407899403200902,1.0412899403200901,1.0402899403200903,1.0407899403200902,100
2024-02-02 03:00:00,1.040373893387886,1.040873893387886,1.0398738933878862,1.040373893387886,100
2024-02-02 04:00:00,1.041566139971147,1.042066139971147,1.0410661399711472,1.041566139971147,100
2024-02-02 05:00:00,1.0400046516517258,1.0405046516517258,1.039504651651726,1.0400046516517258,100
2024-02-02 06:00:00,1.0394685382953388,1.0399685382953388,1.0389685382953389,1.0394685382953388,100
2024-02-02 07:00:00,1.0390452127225165,1.0395452127225164,1.0385452127225165,1.0390452127225165,100
2024-02-02 08:00:00,1.0395760444210538,1.0400760444210537,1.0390760444210538,1.0395760444210538,100
2024-02-02 09:00:00,1.0400610648019415,1.0405610648019414,1.0395610648019415,1.0400610648019415,100
2024-02-02 10:00:00,1.0411772202101324,1.0416772202101323,1.0406772202101324,1.0411772202101324,100
2024-02-02 11:00:00,1.0399179939362626,1.0404179939362626,1.0394179939362627,1.0399179939362626,100
2024-02-02 12:00:00,1.040518373943487,1.0410183739434868,1.040018373943487,1.040518373943487,100
2024-02-02 13:00:00,1.0402837500520563,1.0407837500520563,1.0397837500520564,1.0402837500520563,100
2024-02-02 14:00:00,1.0397512498622499,1.0402512498622498,1.03925124986225,1.0397512498622499,100
2024-02-02 15:00:00,1.040182904688948,1.0406829046889479,1.039682904688948,1.040182904688948,100
2024-02-02 16:00:00,1.0394467930227593,1.0399467930227593,1.0389467930227594,1.0394467930227593,100
2024-02-02 17:00:00,1.0377852623865078,1.0382852623865078,1.0372852623865079,1.0377852623865078,100
2024-02-02 18:00:00,1.0374890875953697,1.0379890875953697,1.0369890875953698,1.0374890875953697,100
2024-02-02 19:00:00,1.0362908709140561,1.036790870914056,1.0357908709140562,1.0362908709140561,100
2024-02-02 20:00:00,1.0357717382571996,1.0362717382571995,1.0352717382571996,1.0357717382571996,100
2024-02-02 21:00:00,1.0360689820682005,1.0365689820682005,1.0355689820682006,1.0360689820682005,100
2024-02-02 22:00:00,1.0363185818646918,1.0368185818646918,1.035818581864692,1.0363185818646918,100
2024-02-02 23:00:00,1.0375881014238748,1.0380881014238748,1.0370881014238749,1.0375881014238748,100
2024-02-03 00:00:00,1.03742837762632,1.03792837762632,1.03692837762632,1.03742837762632,100
2024-02-03 01:00:00,1.0362017123538816,1.0367017123538815,1.0357017123538816,1.0362017123538816,100
2024-02-03 02:00:00,1.0355968348685731,1.036096834868573,1.0350968348685732,1.0355968348685731,100
2024-02-03 03:00:00,1.034861327488872,1.035361327488872,1.034361327488872,1.034861327488872,100
2024-02-03 04:00:00,1.0338870673621054,1.0343870673621054,1.0333870673621055,1.0338870673621054,100
2024-02-03 05:00:00,1.0342353611181179,1.0347353611181178,1.033735361118118,1.0342353611181179,100
2024-02-03 06:00:00,1.0337191752477457,1.0342191752477456,1.0332191752477458,1.0337191752477457,100
2024-02-03 07:00:00,1.032137276994396,1.032637276994396,1.031637276994396,1.032137276994396,100
